Episode,Agent ID,Total Reward
1,0,-674
1,1,-395
1,2,-641
1,3,-556
2,0,-68
2,1,-265
2,2,-202
2,3,-247
3,0,-211
3,1,-313
3,2,-193
3,3,-229
4,0,-207
4,1,-149
4,2,-269
4,3,-144
5,0,-141
5,1,-256
5,2,-164
5,3,-170
6,0,-360
6,1,-267
6,2,-276
6,3,-324
7,0,-151
7,1,-128
7,2,-219
7,3,-263
8,0,-491
8,1,-262
8,2,-106
8,3,-110
9,0,-58
9,1,-300
9,2,-386
9,3,-304
10,0,-83
10,1,-213
10,2,-64
10,3,-231
11,0,-542
11,1,-330
11,2,-511
11,3,-461
12,0,-10
12,1,-99
12,2,-389
12,3,-349
13,0,-363
13,1,-381
13,2,-544
13,3,-213
14,0,-246
14,1,-420
14,2,-41
14,3,-516
15,0,-455
15,1,-585
15,2,-414
15,3,-184
16,0,-291
16,1,-23
16,2,-19
16,3,-123
17,0,-186
17,1,-308
17,2,-367
17,3,-130
18,0,-275
18,1,-218
18,2,-169
18,3,-242
19,0,-620
19,1,-407
19,2,-221
19,3,-799
20,0,-85
20,1,-179
20,2,-372
20,3,-97
21,0,-267
21,1,-626
21,2,-492
21,3,-164
22,0,-622
22,1,-309
22,2,-120
22,3,-107
23,0,-122
23,1,-160
23,2,-379
23,3,-290
24,0,-79
24,1,-198
24,2,-71
24,3,-495
25,0,-263
25,1,-481
25,2,-509
25,3,-445
26,0,-331
26,1,-113
26,2,-25
26,3,-181
27,0,-307
27,1,-424
27,2,-367
27,3,-462
28,0,-59
28,1,-121
28,2,-313
28,3,-149
29,0,-556
29,1,-154
29,2,-192
29,3,-166
30,0,-108
30,1,-511
30,2,-272
30,3,-230
31,0,-609
31,1,-388
31,2,-649
31,3,-721
32,0,-86
32,1,-35
32,2,-68
32,3,-141
33,0,-484
33,1,-505
33,2,-126
33,3,-119
34,0,-61
34,1,-97
34,2,-629
34,3,-214
35,0,-120
35,1,-270
35,2,-51
35,3,-480
36,0,-283
36,1,-85
36,2,-227
36,3,-135
37,0,-450
37,1,-543
37,2,-556
37,3,-326
38,0,-344
38,1,-181
38,2,-100
38,3,-107
39,0,-578
39,1,-150
39,2,-516
39,3,-622
40,0,-180
40,1,-471
40,2,-56
40,3,-104
41,0,-294
41,1,-261
41,2,-313
41,3,-309
42,0,-85
42,1,-149
42,2,-120
42,3,-50
43,0,-153
43,1,-70
43,2,-336
43,3,-584
44,0,-121
44,1,-358
44,2,-207
44,3,-74
45,0,-82
45,1,-206
45,2,-140
45,3,-17
46,0,-226
46,1,-127
46,2,-143
46,3,-285
47,0,-69
47,1,-381
47,2,-135
47,3,-282
48,0,-353
48,1,-167
48,2,-146
48,3,-87
49,0,-147
49,1,-175
49,2,-412
49,3,-56
50,0,-87
50,1,-228
50,2,-46
50,3,-168
51,0,-361
51,1,-53
51,2,-141
51,3,-491
52,0,-209
52,1,-76
52,2,-435
52,3,-41
53,0,-212
53,1,-431
53,2,-72
53,3,-302
54,0,-149
54,1,-22
54,2,-120
54,3,-61
55,0,-313
55,1,-277
55,2,-191
55,3,-192
56,0,-118
56,1,-226
56,2,-239
56,3,-277
57,0,-90
57,1,-169
57,2,-418
57,3,-374
58,0,-425
58,1,-188
58,2,-85
58,3,-137
59,0,-244
59,1,-178
59,2,-121
59,3,-183
60,0,-57
60,1,-209
60,2,-244
60,3,-76
61,0,-316
61,1,-79
61,2,-132
61,3,-206
62,0,-163
62,1,-522
62,2,-101
62,3,-52
63,0,-172
63,1,-19
63,2,-244
63,3,-279
64,0,-53
64,1,-143
64,2,-43
64,3,-169
65,0,-582
65,1,-363
65,2,-423
65,3,-362
66,0,-148
66,1,-78
66,2,-98
66,3,-168
67,0,-143
67,1,-183
67,2,-227
67,3,-79
68,0,-28
68,1,-226
68,2,-422
68,3,-95
69,0,-231
69,1,-107
69,2,-53
69,3,-65
70,0,-62
70,1,-85
70,2,-33
70,3,-157
71,0,-90
71,1,-81
71,2,-49
71,3,-139
72,0,-73
72,1,-74
72,2,-170
72,3,-227
73,0,-134
73,1,-160
73,2,-282
73,3,-123
74,0,-128
74,1,-456
74,2,-85
74,3,-169
75,0,-371
75,1,-118
75,2,-364
75,3,-348
76,0,-166
76,1,-107
76,2,-53
76,3,-111
77,0,-132
77,1,-100
77,2,-182
77,3,-194
78,0,-276
78,1,-184
78,2,-288
78,3,-197
79,0,-194
79,1,-343
79,2,-84
79,3,-82
80,0,-58
80,1,-83
80,2,-124
80,3,-311
81,0,-167
81,1,-260
81,2,-65
81,3,-260
82,0,-259
82,1,-37
82,2,-178
82,3,-47
83,0,-223
83,1,-310
83,2,-206
83,3,-124
84,0,-60
84,1,-189
84,2,-191
84,3,-131
85,0,-27
85,1,-222
85,2,-69
85,3,-446
86,0,-119
86,1,-70
86,2,-297
86,3,-25
87,0,-244
87,1,-21
87,2,-136
87,3,-348
88,0,-170
88,1,-203
88,2,-143
88,3,-116
89,0,-79
89,1,-107
89,2,-199
89,3,-151
90,0,-463
90,1,-150
90,2,-55
90,3,-52
91,0,-98
91,1,-94
91,2,-73
91,3,-39
92,0,-39
92,1,-288
92,2,-208
92,3,-96
93,0,-86
93,1,-186
93,2,-101
93,3,-178
94,0,-145
94,1,-94
94,2,-259
94,3,-157
95,0,-34
95,1,-103
95,2,-253
95,3,-120
96,0,-92
96,1,-290
96,2,-134
96,3,-186
97,0,-312
97,1,-80
97,2,-206
97,3,-218
98,0,-153
98,1,-55
98,2,-44
98,3,-202
99,0,-179
99,1,-145
99,2,-211
99,3,-86
100,0,-99
100,1,-201
100,2,-101
100,3,-104
101,0,-118
101,1,-23
101,2,-53
101,3,-49
102,0,-241
102,1,-92
102,2,-242
102,3,-199
103,0,-87
103,1,-200
103,2,-51
103,3,-260
104,0,-174
104,1,-281
104,2,-191
104,3,-238
105,0,-144
105,1,-109
105,2,-180
105,3,-172
106,0,-337
106,1,-218
106,2,-261
106,3,-182
107,0,-63
107,1,-168
107,2,-24
107,3,-53
108,0,-52
108,1,-47
108,2,-211
108,3,-273
109,0,-117
109,1,-130
109,2,-167
109,3,-63
110,0,-279
110,1,-166
110,2,-108
110,3,-48
111,0,-30
111,1,-156
111,2,-75
111,3,-33
112,0,-66
112,1,-192
112,2,-32
112,3,-100
113,0,-105
113,1,-78
113,2,-119
113,3,-55
114,0,-60
114,1,-89
114,2,-299
114,3,-184
115,0,-229
115,1,-271
115,2,-173
115,3,-176
116,0,-303
116,1,-43
116,2,-51
116,3,-188
117,0,-50
117,1,-162
117,2,-194
117,3,-128
118,0,-214
118,1,-74
118,2,-183
118,3,-153
119,0,-102
119,1,-182
119,2,-86
119,3,-11
120,0,-69
120,1,-232
120,2,-140
120,3,-226
121,0,-106
121,1,-64
121,2,-141
121,3,-36
122,0,-161
122,1,-20
122,2,-143
122,3,-300
123,0,-159
123,1,-190
123,2,-53
123,3,-53
124,0,-59
124,1,-64
124,2,-189
124,3,-181
125,0,-171
125,1,-205
125,2,-126
125,3,-43
126,0,-36
126,1,-51
126,2,-82
126,3,-141
127,0,-32
127,1,-250
127,2,-95
127,3,-127
128,0,-486
128,1,-59
128,2,-104
128,3,-248
129,0,-52
129,1,-44
129,2,-55
129,3,-64
130,0,-49
130,1,-338
130,2,-241
130,3,-68
131,0,-270
131,1,-181
131,2,-110
131,3,-50
132,0,-98
132,1,-106
132,2,-184
132,3,-143
133,0,-23
133,1,-104
133,2,-115
133,3,-133
134,0,-147
134,1,-36
134,2,-131
134,3,-311
135,0,-129
135,1,-311
135,2,-79
135,3,-34
136,0,-115
136,1,-12
136,2,-87
136,3,-113
137,0,-61
137,1,-96
137,2,-88
137,3,-80
138,0,-181
138,1,-157
138,2,-345
138,3,-214
139,0,-98
139,1,-152
139,2,-37
139,3,-143
140,0,-71
140,1,-93
140,2,-132
140,3,-232
141,0,-340
141,1,-118
141,2,-78
141,3,-32
142,0,-32
142,1,-62
142,2,-207
142,3,-50
143,0,-120
143,1,-219
143,2,-91
143,3,-39
144,0,-183
144,1,-41
144,2,-74
144,3,-78
145,0,-193
145,1,-95
145,2,-175
145,3,-150
146,0,-33
146,1,-68
146,2,-159
146,3,-198
147,0,-35
147,1,-159
147,2,-142
147,3,-101
148,0,-370
148,1,-109
148,2,-55
148,3,-118
149,0,-58
149,1,-218
149,2,-72
149,3,-153
150,0,-45
150,1,-138
150,2,-136
150,3,-61
151,0,-74
151,1,-83
151,2,-127
151,3,-24
152,0,-35
152,1,-27
152,2,-67
152,3,-44
153,0,-90
153,1,-127
153,2,-99
153,3,-292
154,0,-195
154,1,-24
154,2,-205
154,3,-54
155,0,-108
155,1,-195
155,2,-45
155,3,-289
156,0,-188
156,1,-160
156,2,-91
156,3,-100
157,0,-38
157,1,-164
157,2,-322
157,3,-73
158,0,-15
158,1,-104
158,2,-53
158,3,-125
159,0,-346
159,1,-222
159,2,-102
159,3,-250
160,0,-88
160,1,-20
160,2,-49
160,3,-50
161,0,-178
161,1,-121
161,2,-45
161,3,-39
162,0,-134
162,1,-69
162,2,-144
162,3,-59
163,0,-163
163,1,-275
163,2,-197
163,3,-151
164,0,-73
164,1,-86
164,2,-37
164,3,-50
165,0,-117
165,1,-208
165,2,-38
165,3,-85
166,0,-48
166,1,-51
166,2,-189
166,3,-57
167,0,-122
167,1,-116
167,2,-111
167,3,-237
168,0,-104
168,1,-102
168,2,-170
168,3,-66
169,0,-100
169,1,-51
169,2,-84
169,3,-136
170,0,-101
170,1,-75
170,2,-197
170,3,-182
171,0,-62
171,1,-251
171,2,-52
171,3,-67
172,0,-27
172,1,-47
172,2,-44
172,3,-185
173,0,-218
173,1,-55
173,2,-42
173,3,-123
174,0,-74
174,1,-133
174,2,-311
174,3,-133
175,0,-52
175,1,-34
175,2,-106
175,3,-85
176,0,-132
176,1,-72
176,2,-66
176,3,-136
177,0,-196
177,1,-13
177,2,-52
177,3,-60
178,0,-33
178,1,-151
178,2,-55
178,3,-91
179,0,-120
179,1,-69
179,2,-25
179,3,-106
180,0,-70
180,1,-77
180,2,-100
180,3,-82
181,0,-116
181,1,-87
181,2,-27
181,3,-81
182,0,-148
182,1,-114
182,2,-114
182,3,-166
183,0,-186
183,1,-205
183,2,-185
183,3,-128
184,0,-62
184,1,-253
184,2,-82
184,3,-103
185,0,-142
185,1,-76
185,2,-77
185,3,-158
186,0,-109
186,1,-97
186,2,-167
186,3,-21
187,0,-20
187,1,-67
187,2,-145
187,3,-39
188,0,-45
188,1,-39
188,2,-115
188,3,-77
189,0,-198
189,1,-105
189,2,-11
189,3,-258
190,0,-39
190,1,-166
190,2,-137
190,3,-81
191,0,-184
191,1,-134
191,2,-163
191,3,-81
192,0,-125
192,1,-42
192,2,-79
192,3,-135
193,0,-57
193,1,-44
193,2,-195
193,3,-155
194,0,-87
194,1,-193
194,2,-65
194,3,-52
195,0,-173
195,1,-173
195,2,-110
195,3,-126
196,0,-106
196,1,-123
196,2,-108
196,3,-72
197,0,-94
197,1,-50
197,2,-289
197,3,-144
198,0,-35
198,1,-36
198,2,-5
198,3,-111
199,0,-209
199,1,-87
199,2,-126
199,3,-57
200,0,-34
200,1,-119
200,2,-35
200,3,-40
201,0,-48
201,1,-33
201,2,-27
201,3,-100
202,0,-191
202,1,-116
202,2,-28
202,3,-120
203,0,-49
203,1,-179
203,2,-78
203,3,-89
204,0,-88
204,1,-71
204,2,-118
204,3,-44
205,0,-71
205,1,-23
205,2,-118
205,3,-212
206,0,-96
206,1,-196
206,2,-72
206,3,-9
207,0,-88
207,1,-60
207,2,-171
207,3,-122
208,0,-79
208,1,-132
208,2,-88
208,3,-34
209,0,-34
209,1,-104
209,2,-129
209,3,-23
210,0,-130
210,1,-74
210,2,-61
210,3,-174
211,0,-203
211,1,-127
211,2,-88
211,3,-115
212,0,-24
212,1,-78
212,2,-110
212,3,-45
213,0,-106
213,1,-180
213,2,-132
213,3,-181
214,0,-37
214,1,-64
214,2,-22
214,3,-88
215,0,-168
215,1,-75
215,2,-203
215,3,-45
216,0,-99
216,1,-99
216,2,-82
216,3,-172
217,0,-216
217,1,-52
217,2,-41
217,3,-38
218,0,-29
218,1,-46
218,2,-100
218,3,-156
219,0,-17
219,1,-126
219,2,-127
219,3,-36
220,0,-93
220,1,-1
220,2,-26
220,3,-53
221,0,-73
221,1,-209
221,2,-85
221,3,-113
222,0,-127
222,1,-32
222,2,-31
222,3,-113
223,0,-79
223,1,-95
223,2,-39
223,3,-81
224,0,-57
224,1,-115
224,2,-139
224,3,-66
225,0,-62
225,1,-215
225,2,-111
225,3,-99
226,0,-231
226,1,-34
226,2,-82
226,3,-52
227,0,-37
227,1,-24
227,2,-278
227,3,-80
228,0,-176
228,1,-37
228,2,-39
228,3,-122
229,0,-87
229,1,-104
229,2,-90
229,3,-109
230,0,-32
230,1,-62
230,2,-85
230,3,-53
231,0,-62
231,1,-58
231,2,-83
231,3,-45
232,0,-193
232,1,-120
232,2,-93
232,3,-249
233,0,-137
233,1,-357
233,2,-22
233,3,-143
234,0,-77
234,1,-83
234,2,-56
234,3,-47
235,0,-15
235,1,-43
235,2,-312
235,3,-96
236,0,-57
236,1,-34
236,2,-13
236,3,-54
237,0,-69
237,1,-35
237,2,-33
237,3,-80
238,0,-94
238,1,-68
238,2,-83
238,3,-106
239,0,-42
239,1,-90
239,2,-121
239,3,-98
240,0,-23
240,1,-42
240,2,-24
240,3,-44
241,0,-264
241,1,-191
241,2,-46
241,3,-7
242,0,-82
242,1,-39
242,2,-195
242,3,-61
243,0,-101
243,1,-19
243,2,-17
243,3,-170
244,0,-71
244,1,-129
244,2,-36
244,3,-87
245,0,-66
245,1,-27
245,2,-78
245,3,-148
246,0,-57
246,1,-40
246,2,-47
246,3,-89
247,0,-71
247,1,-116
247,2,-65
247,3,-203
248,0,-84
248,1,-127
248,2,-142
248,3,-18
249,0,-31
249,1,-153
249,2,-48
249,3,-47
250,0,-70
250,1,-81
250,2,-61
250,3,-126
251,0,-270
251,1,-238
251,2,-153
251,3,-33
252,0,-99
252,1,-27
252,2,-56
252,3,-190
253,0,-71
253,1,-81
253,2,-121
253,3,-10
254,0,-36
254,1,-20
254,2,-62
254,3,-39
255,0,-112
255,1,-89
255,2,-45
255,3,-55
256,0,-47
256,1,-57
256,2,-121
256,3,-96
257,0,-134
257,1,-157
257,2,-164
257,3,-128
258,0,-49
258,1,-2
258,2,-107
258,3,-52
259,0,-55
259,1,-84
259,2,-46
259,3,-60
260,0,-43
260,1,-22
260,2,-92
260,3,-139
261,0,-148
261,1,-23
261,2,-70
261,3,-98
262,0,-88
262,1,-208
262,2,-63
262,3,-66
263,0,-58
263,1,-103
263,2,-84
263,3,-75
264,0,-171
264,1,-174
264,2,-73
264,3,-204
265,0,-9
265,1,-127
265,2,-111
265,3,-17
266,0,-99
266,1,-42
266,2,-91
266,3,-47
267,0,-78
267,1,-141
267,2,-133
267,3,-109
268,0,-156
268,1,-61
268,2,-42
268,3,-132
269,0,-133
269,1,-58
269,2,-88
269,3,-10
270,0,-10
270,1,-17
270,2,-97
270,3,-117
271,0,-150
271,1,-30
271,2,-28
271,3,-30
272,0,-36
272,1,-50
272,2,-196
272,3,-107
273,0,-118
273,1,-122
273,2,-37
273,3,-85
274,0,-64
274,1,-106
274,2,-116
274,3,-58
275,0,-39
275,1,-115
275,2,-24
275,3,-70
276,0,-69
276,1,-60
276,2,-45
276,3,-68
277,0,-113
277,1,-38
277,2,-118
277,3,-46
278,0,-71
278,1,-145
278,2,-15
278,3,-112
279,0,-52
279,1,-105
279,2,-142
279,3,-131
280,0,-195
280,1,-123
280,2,-39
280,3,-61
281,0,-28
281,1,-22
281,2,-165
281,3,-24
282,0,-56
282,1,-32
282,2,-70
282,3,-99
283,0,-164
283,1,-124
283,2,-54
283,3,-161
284,0,-29
284,1,-41
284,2,-142
284,3,-59
285,0,-81
285,1,-95
285,2,-89
285,3,-193
286,0,-143
286,1,-71
286,2,-110
286,3,-49
287,0,-51
287,1,-15
287,2,-31
287,3,-35
288,0,-18
288,1,-137
288,2,-16
288,3,-18
289,0,-48
289,1,-11
289,2,-60
289,3,-16
290,0,-32
290,1,-71
290,2,-22
290,3,-98
291,0,-39
291,1,-111
291,2,-46
291,3,-80
292,0,-156
292,1,-35
292,2,-151
292,3,-126
293,0,-107
293,1,-67
293,2,-88
293,3,-133
294,0,-47
294,1,-114
294,2,-100
294,3,-77
295,0,-127
295,1,-117
295,2,-133
295,3,-55
296,0,-22
296,1,-70
296,2,-44
296,3,-47
297,0,-68
297,1,-58
297,2,-57
297,3,-44
298,0,-29
298,1,-46
298,2,-61
298,3,-100
299,0,-64
299,1,-77
299,2,-7
299,3,-7
300,0,-32
300,1,-98
300,2,-99
300,3,-61
301,0,-210
301,1,-80
301,2,-75
301,3,-149
302,0,-40
302,1,-12
302,2,-51
302,3,-108
303,0,-212
303,1,-129
303,2,-118
303,3,-30
304,0,-45
304,1,-25
304,2,-92
304,3,-73
305,0,-35
305,1,-146
305,2,-22
305,3,-58
306,0,-43
306,1,-42
306,2,-75
306,3,-144
307,0,-65
307,1,-77
307,2,-34
307,3,-66
308,0,-165
308,1,-120
308,2,-146
308,3,-127
309,0,-53
309,1,-153
309,2,-48
309,3,-69
310,0,-50
310,1,-12
310,2,-128
310,3,-167
311,0,-72
311,1,-49
311,2,-22
311,3,-33
312,0,-40
312,1,-79
312,2,-179
312,3,-77
313,0,-129
313,1,-105
313,2,-30
313,3,-47
314,0,-11
314,1,-84
314,2,-77
314,3,-29
315,0,-111
315,1,-107
315,2,-67
315,3,-27
316,0,-57
316,1,-64
316,2,-57
316,3,-73
317,0,-38
317,1,-21
317,2,-8
317,3,-65
318,0,-36
318,1,-27
318,2,-51
318,3,-137
319,0,-77
319,1,-21
319,2,-159
319,3,-70
320,0,-41
320,1,-161
320,2,-12
320,3,-107
321,0,-20
321,1,-100
321,2,-68
321,3,-73
322,0,-248
322,1,-53
322,2,-67
322,3,-15
323,0,-60
323,1,-55
323,2,-105
323,3,-127
324,0,-66
324,1,-95
324,2,-11
324,3,-78
325,0,-32
325,1,-58
325,2,-76
325,3,-63
326,0,-75
326,1,0
326,2,-36
326,3,-117
327,0,-84
327,1,-180
327,2,-114
327,3,-12
328,0,-46
328,1,-32
328,2,-13
328,3,-46
329,0,-26
329,1,-98
329,2,-100
329,3,-41
330,0,-100
330,1,-43
330,2,-57
330,3,-46
331,0,-107
331,1,-62
331,2,-96
331,3,-52
332,0,-201
332,1,-105
332,2,-100
332,3,-172
333,0,-39
333,1,-117
333,2,-35
333,3,-59
334,0,-86
334,1,-98
334,2,-107
334,3,-53
335,0,-40
335,1,-25
335,2,-61
335,3,-29
336,0,-52
336,1,-40
336,2,-49
336,3,-86
337,0,-71
337,1,-101
337,2,-83
337,3,-53
338,0,-31
338,1,-35
338,2,-78
338,3,-117
339,0,-31
339,1,-69
339,2,-64
339,3,-73
340,0,-63
340,1,-26
340,2,-64
340,3,-72
341,0,-83
341,1,-111
341,2,-125
341,3,-25
342,0,-102
342,1,-95
342,2,-57
342,3,-65
343,0,-19
343,1,-87
343,2,-61
343,3,-90
344,0,-152
344,1,-40
344,2,-33
344,3,-56
345,0,-91
345,1,-36
345,2,-86
345,3,-107
346,0,-73
346,1,-95
346,2,-45
346,3,-116
347,0,-49
347,1,-75
347,2,-41
347,3,-36
348,0,-37
348,1,-137
348,2,-59
348,3,-33
349,0,-101
349,1,-85
349,2,-67
349,3,-56
350,0,-27
350,1,-42
350,2,-62
350,3,-29
351,0,-68
351,1,-37
351,2,-106
351,3,-102
352,0,-40
352,1,-65
352,2,-6
352,3,-131
353,0,-119
353,1,-1
353,2,-53
353,3,-36
354,0,-71
354,1,-99
354,2,-87
354,3,-63
355,0,-76
355,1,-85
355,2,-25
355,3,-55
356,0,-92
356,1,-88
356,2,-28
356,3,-66
357,0,-85
357,1,-30
357,2,-94
357,3,-64
358,0,-54
358,1,-86
358,2,-32
358,3,-115
359,0,-57
359,1,-43
359,2,-265
359,3,-86
360,0,-104
360,1,-131
360,2,-99
360,3,-74
361,0,-33
361,1,-45
361,2,-54
361,3,-78
362,0,-23
362,1,-42
362,2,0
362,3,-50
363,0,-71
363,1,-51
363,2,-73
363,3,-21
364,0,-51
364,1,-27
364,2,-98
364,3,-26
365,0,-28
365,1,-33
365,2,-60
365,3,-50
366,0,-34
366,1,-175
366,2,-91
366,3,-16
367,0,-45
367,1,-72
367,2,-55
367,3,-54
368,0,-71
368,1,-70
368,2,-45
368,3,-132
369,0,-90
369,1,-92
369,2,-29
369,3,-44
370,0,-59
370,1,-124
370,2,-17
370,3,-32
371,0,-195
371,1,-51
371,2,-61
371,3,-109
372,0,-16
372,1,-26
372,2,-124
372,3,-123
373,0,-51
373,1,-34
373,2,-69
373,3,-65
374,0,-39
374,1,-24
374,2,-153
374,3,-49
375,0,-157
375,1,-53
375,2,-33
375,3,-64
376,0,-97
376,1,-68
376,2,-79
376,3,-78
377,0,-29
377,1,-25
377,2,-22
377,3,-33
378,0,-27
378,1,-110
378,2,-65
378,3,-33
379,0,-87
379,1,-84
379,2,-23
379,3,-64
380,0,-92
380,1,-69
380,2,-56
380,3,-61
381,0,-17
381,1,-68
381,2,-54
381,3,-18
382,0,-78
382,1,-58
382,2,-132
382,3,-155
383,0,-46
383,1,-8
383,2,-45
383,3,-3
384,0,-57
384,1,-90
384,2,-51
384,3,-89
385,0,-46
385,1,-21
385,2,-37
385,3,-90
386,0,-121
386,1,-76
386,2,-48
386,3,-51
387,0,-32
387,1,-153
387,2,-52
387,3,-51
388,0,-130
388,1,-116
388,2,-118
388,3,-88
389,0,-26
389,1,-13
389,2,-21
389,3,-104
390,0,-45
390,1,-30
390,2,-54
390,3,-65
391,0,-40
391,1,-69
391,2,-14
391,3,-40
392,0,-85
392,1,-92
392,2,-58
392,3,-17
393,0,-6
393,1,-23
393,2,-49
393,3,-20
394,0,-84
394,1,-95
394,2,-40
394,3,-42
395,0,-47
395,1,-74
395,2,-167
395,3,-95
396,0,-26
396,1,-88
396,2,-47
396,3,-57
397,0,-53
397,1,-18
397,2,-65
397,3,-81
398,0,-185
398,1,-43
398,2,-28
398,3,-63
399,0,-25
399,1,-52
399,2,-62
399,3,-46
400,0,-47
400,1,-28
400,2,-140
400,3,-76
401,0,-25
401,1,-95
401,2,-55
401,3,-39
402,0,-94
402,1,-70
402,2,-45
402,3,-30
403,0,-34
403,1,-36
403,2,-38
403,3,-58
404,0,-116
404,1,-58
404,2,-43
404,3,-114
405,0,-61
405,1,-55
405,2,-95
405,3,-27
406,0,-38
406,1,-14
406,2,-7
406,3,-62
407,0,-79
407,1,-91
407,2,-60
407,3,-101
408,0,-48
408,1,-75
408,2,-50
408,3,-46
409,0,-27
409,1,-33
409,2,-87
409,3,-37
410,0,-7
410,1,-116
410,2,-108
410,3,-24
411,0,-130
411,1,-14
411,2,-15
411,3,-58
412,0,-61
412,1,-37
412,2,-69
412,3,-108
413,0,-56
413,1,-63
413,2,-53
413,3,-60
414,0,-67
414,1,-36
414,2,-89
414,3,-34
415,0,-16
415,1,-55
415,2,-74
415,3,-42
416,0,-32
416,1,-47
416,2,-28
416,3,-90
417,0,-56
417,1,-84
417,2,-66
417,3,-15
418,0,-126
418,1,-24
418,2,-52
418,3,-17
419,0,-42
419,1,-64
419,2,-30
419,3,-103
420,0,-41
420,1,-59
420,2,-50
420,3,-110
421,0,-111
421,1,-257
421,2,-81
421,3,-14
422,0,-83
422,1,-27
422,2,-48
422,3,-110
423,0,-32
423,1,-55
423,2,-16
423,3,-70
424,0,-75
424,1,-48
424,2,-90
424,3,-34
425,0,-17
425,1,-25
425,2,-82
425,3,-35
426,0,-81
426,1,-69
426,2,-38
426,3,-57
427,0,-70
427,1,-51
427,2,-60
427,3,-54
428,0,-43
428,1,-41
428,2,-4
428,3,-17
429,0,-69
429,1,-24
429,2,-76
429,3,-46
430,0,-28
430,1,-71
430,2,-55
430,3,-112
431,0,-36
431,1,-57
431,2,-44
431,3,-47
432,0,-76
432,1,-92
432,2,-52
432,3,-166
433,0,-40
433,1,-38
433,2,-69
433,3,-34
434,0,-30
434,1,-86
434,2,-61
434,3,-28
435,0,-94
435,1,-18
435,2,-45
435,3,-79
436,0,-82
436,1,-32
436,2,-56
436,3,-53
437,0,-115
437,1,-57
437,2,-107
437,3,-11
438,0,-67
438,1,-30
438,2,-17
438,3,-40
439,0,-67
439,1,-59
439,2,-25
439,3,-75
440,0,-31
440,1,-47
440,2,-126
440,3,-25
441,0,-52
441,1,-58
441,2,-9
441,3,-38
442,0,-37
442,1,-54
442,2,-7
442,3,-84
443,0,-27
443,1,-102
443,2,-117
443,3,-92
444,0,-99
444,1,-31
444,2,-29
444,3,-58
445,0,-51
445,1,-90
445,2,-84
445,3,-23
446,0,-86
446,1,-74
446,2,-98
446,3,-37
447,0,-71
447,1,-143
447,2,-32
447,3,-8
448,0,-42
448,1,-41
448,2,-39
448,3,-95
449,0,-22
449,1,-100
449,2,-11
449,3,-112
450,0,-50
450,1,-38
450,2,-59
450,3,-87
451,0,-71
451,1,-29
451,2,-39
451,3,-86
452,0,-100
452,1,-6
452,2,-88
452,3,-26
453,0,-76
453,1,-55
453,2,-68
453,3,-42
454,0,-23
454,1,-43
454,2,-25
454,3,-59
455,0,-58
455,1,-21
455,2,-56
455,3,-10
456,0,-44
456,1,-79
456,2,-60
456,3,-42
457,0,-44
457,1,-55
457,2,-80
457,3,-36
458,0,-34
458,1,-65
458,2,-74
458,3,-132
459,0,-48
459,1,-116
459,2,-27
459,3,-66
460,0,-43
460,1,-56
460,2,-48
460,3,-56
461,0,-124
461,1,-25
461,2,-27
461,3,-25
462,0,-7
462,1,-35
462,2,-89
462,3,-57
463,0,-72
463,1,-15
463,2,-34
463,3,-77
464,0,-51
464,1,-39
464,2,-52
464,3,-66
465,0,-54
465,1,-35
465,2,-163
465,3,-100
466,0,-89
466,1,-93
466,2,-2
466,3,-59
467,0,-5
467,1,-36
467,2,-5
467,3,-26
468,0,-9
468,1,-19
468,2,-136
468,3,-39
469,0,-26
469,1,-100
469,2,-19
469,3,-77
470,0,-97
470,1,-73
470,2,-64
470,3,-9
471,0,-93
471,1,-96
471,2,-12
471,3,-24
472,0,-71
472,1,-41
472,2,-38
472,3,-61
473,0,-21
473,1,-82
473,2,-52
473,3,-59
474,0,-64
474,1,-31
474,2,-36
474,3,-48
475,0,-24
475,1,-35
475,2,-142
475,3,-15
476,0,-17
476,1,-66
476,2,-9
476,3,-39
477,0,-132
477,1,-38
477,2,-54
477,3,-48
478,0,-132
478,1,-30
478,2,-14
478,3,-90
479,0,-25
479,1,-29
479,2,-108
479,3,-46
480,0,-17
480,1,-39
480,2,-5
480,3,-66
481,0,-25
481,1,-68
481,2,-35
481,3,-36
482,0,-93
482,1,-81
482,2,-27
482,3,-45
483,0,-48
483,1,-29
483,2,-47
483,3,-82
484,0,-54
484,1,-132
484,2,-51
484,3,-114
485,0,-19
485,1,-58
485,2,-78
485,3,-45
486,0,-20
486,1,-48
486,2,-65
486,3,-33
487,0,-65
487,1,-30
487,2,-33
487,3,-92
488,0,-77
488,1,-36
488,2,-54
488,3,-14
489,0,-34
489,1,-76
489,2,-63
489,3,-28
490,0,-23
490,1,-18
490,2,-25
490,3,-33
491,0,-15
491,1,-24
491,2,-22
491,3,-80
492,0,-39
492,1,-33
492,2,-37
492,3,-115
493,0,-63
493,1,-49
493,2,-98
493,3,-68
494,0,-82
494,1,-81
494,2,-117
494,3,-69
495,0,-48
495,1,-123
495,2,-25
495,3,-9
496,0,-105
496,1,-58
496,2,-88
496,3,-99
497,0,-24
497,1,-5
497,2,-13
497,3,-3
498,0,-94
498,1,-41
498,2,-66
498,3,-51
499,0,-14
499,1,-65
499,2,-15
499,3,-38
500,0,-34
500,1,-44
500,2,-15
500,3,-67
501,0,-91
501,1,-71
501,2,-41
501,3,-55
502,0,-60
502,1,-47
502,2,-55
502,3,-57
503,0,-132
503,1,-48
503,2,-43
503,3,-65
504,0,-7
504,1,-67
504,2,-46
504,3,-7
505,0,-22
505,1,-12
505,2,-74
505,3,-85
506,0,-13
506,1,-53
506,2,-53
506,3,-17
507,0,-71
507,1,-10
507,2,-42
507,3,-23
508,0,-51
508,1,-113
508,2,-25
508,3,-24
509,0,-24
509,1,-53
509,2,-26
509,3,-124
510,0,-61
510,1,-38
510,2,-44
510,3,-48
511,0,-57
511,1,-25
511,2,-75
511,3,-85
512,0,-65
512,1,-121
512,2,-13
512,3,-21
513,0,-58
513,1,-32
513,2,-32
513,3,-34
514,0,-22
514,1,-47
514,2,-86
514,3,-34
515,0,-78
515,1,-54
515,2,-9
515,3,-42
516,0,-71
516,1,-39
516,2,-90
516,3,-60
517,0,-63
517,1,-32
517,2,-114
517,3,-58
518,0,-28
518,1,-24
518,2,-20
518,3,-46
519,0,-37
519,1,-95
519,2,-7
519,3,-17
520,0,-55
520,1,-37
520,2,-38
520,3,-61
521,0,-35
521,1,-91
521,2,-43
521,3,-70
522,0,-12
522,1,-39
522,2,-28
522,3,-29
523,0,-86
523,1,-36
523,2,-32
523,3,-76
524,0,-73
524,1,-39
524,2,-82
524,3,-35
525,0,-50
525,1,-69
525,2,-75
525,3,-33
526,0,-11
526,1,-81
526,2,-12
526,3,-96
527,0,-31
527,1,-13
527,2,-93
527,3,-39
528,0,-34
528,1,-7
528,2,-35
528,3,-148
529,0,-19
529,1,-124
529,2,-29
529,3,-17
530,0,-86
530,1,-67
530,2,-51
530,3,-35
531,0,-79
531,1,-87
531,2,-93
531,3,-63
532,0,-37
532,1,-30
532,2,-34
532,3,-45
533,0,-41
533,1,-53
533,2,-16
533,3,-41
534,0,-34
534,1,-17
534,2,-33
534,3,-14
535,0,-48
535,1,-41
535,2,-36
535,3,-31
536,0,-100
536,1,-72
536,2,-78
536,3,-43
537,0,-42
537,1,-50
537,2,-35
537,3,-55
538,0,-19
538,1,-19
538,2,-55
538,3,-67
539,0,-38
539,1,-5
539,2,-54
539,3,-45
540,0,-160
540,1,-73
540,2,-31
540,3,-44
541,0,-22
541,1,-54
541,2,-39
541,3,-46
542,0,-47
542,1,-49
542,2,-38
542,3,-24
543,0,-13
543,1,-25
543,2,-38
543,3,-21
544,0,-58
544,1,-69
544,2,-22
544,3,-44
545,0,-45
545,1,-48
545,2,-15
545,3,-69
546,0,-46
546,1,-41
546,2,-58
546,3,-52
547,0,-24
547,1,-34
547,2,-91
547,3,-24
548,0,-27
548,1,-21
548,2,-18
548,3,-86
549,0,-77
549,1,-98
549,2,-101
549,3,-14
550,0,-52
550,1,-20
550,2,-30
550,3,-32
551,0,-65
551,1,-58
551,2,-67
551,3,-52
552,0,-52
552,1,-94
552,2,-10
552,3,-67
553,0,-27
553,1,-10
553,2,-26
553,3,-52
554,0,-94
554,1,-54
554,2,-59
554,3,-41
555,0,-26
555,1,-69
555,2,-21
555,3,-19
556,0,-73
556,1,-43
556,2,-39
556,3,-8
557,0,-7
557,1,-14
557,2,-172
557,3,-104
558,0,-2
558,1,-76
558,2,-35
558,3,-10
559,0,-46
559,1,-29
559,2,-42
559,3,-46
560,0,-33
560,1,-34
560,2,-12
560,3,-55
561,0,-101
561,1,-119
561,2,-44
561,3,-13
562,0,-54
562,1,-42
562,2,-75
562,3,-52
563,0,-15
563,1,-18
563,2,-84
563,3,-96
564,0,-35
564,1,-67
564,2,-39
564,3,-33
565,0,-46
565,1,-58
565,2,-12
565,3,-19
566,0,-24
566,1,-15
566,2,-15
566,3,-14
567,0,-62
567,1,-15
567,2,-18
567,3,-60
568,0,-26
568,1,-19
568,2,-30
568,3,-24
569,0,-70
569,1,-32
569,2,-18
569,3,-19
570,0,-37
570,1,-13
570,2,-19
570,3,-71
571,0,-27
571,1,-143
571,2,-84
571,3,-37
572,0,-93
572,1,-27
572,2,-39
572,3,-41
573,0,-21
573,1,-47
573,2,-39
573,3,-45
574,0,-75
574,1,-110
574,2,-116
574,3,-68
575,0,-69
575,1,-8
575,2,-21
575,3,-24
576,0,-51
576,1,-24
576,2,-17
576,3,-90
577,0,-14
577,1,-61
577,2,-47
577,3,-13
578,0,-13
578,1,-46
578,2,-44
578,3,-46
579,0,-51
579,1,-51
579,2,-26
579,3,-56
580,0,-67
580,1,-39
580,2,-22
580,3,-55
581,0,-63
581,1,-26
581,2,-84
581,3,-14
582,0,-20
582,1,-23
582,2,-19
582,3,-79
583,0,-78
583,1,-53
583,2,-5
583,3,-36
584,0,-37
584,1,-84
584,2,-44
584,3,-46
585,0,-40
585,1,-16
585,2,-38
585,3,-20
586,0,-45
586,1,-60
586,2,-154
586,3,-34
587,0,-16
587,1,-36
587,2,-23
587,3,-37
588,0,-13
588,1,-78
588,2,-8
588,3,-29
589,0,-17
589,1,-42
589,2,-19
589,3,-55
590,0,-75
590,1,-85
590,2,-4
590,3,-24
591,0,-16
591,1,-11
591,2,-42
591,3,-25
592,0,-79
592,1,-24
592,2,-4
592,3,-85
593,0,-58
593,1,-29
593,2,-11
593,3,-56
594,0,-37
594,1,-39
594,2,-97
594,3,-14
595,0,-43
595,1,-14
595,2,-63
595,3,-67
596,0,-43
596,1,-36
596,2,-63
596,3,-68
597,0,-46
597,1,-82
597,2,-109
597,3,-46
598,0,-61
598,1,-21
598,2,-31
598,3,-31
599,0,-26
599,1,-11
599,2,-30
599,3,-29
600,0,-108
600,1,-20
600,2,-45
600,3,-47
601,0,-12
601,1,-123
601,2,-52
601,3,-26
602,0,-83
602,1,-73
602,2,-45
602,3,-30
603,0,-9
603,1,-82
603,2,-40
603,3,-17
604,0,-42
604,1,-11
604,2,-11
604,3,-105
605,0,-44
605,1,-32
605,2,-34
605,3,-40
606,0,-19
606,1,-4
606,2,-86
606,3,-35
607,0,-59
607,1,-55
607,2,-39
607,3,-36
608,0,-18
608,1,-27
608,2,-6
608,3,-14
609,0,-20
609,1,-18
609,2,-51
609,3,-60
610,0,-22
610,1,-37
610,2,-48
610,3,-59
611,0,-21
611,1,-123
611,2,-18
611,3,-33
612,0,-146
612,1,-5
612,2,-20
612,3,-21
613,0,-36
613,1,-36
613,2,-38
613,3,-37
614,0,-6
614,1,-19
614,2,-58
614,3,-42
615,0,-69
615,1,-27
615,2,-22
615,3,-39
616,0,-14
616,1,-84
616,2,-14
616,3,-72
617,0,-46
617,1,-32
617,2,-57
617,3,-51
618,0,-59
618,1,-56
618,2,-128
618,3,-30
619,0,-42
619,1,-18
619,2,-30
619,3,-20
620,0,-20
620,1,-20
620,2,-28
620,3,-65
621,0,-31
621,1,-37
621,2,-47
621,3,-9
622,0,-38
622,1,-135
622,2,-4
622,3,-29
623,0,-31
623,1,-31
623,2,-47
623,3,-13
624,0,-39
624,1,-14
624,2,-64
624,3,-57
625,0,-94
625,1,-8
625,2,-22
625,3,-28
626,0,-40
626,1,-32
626,2,-18
626,3,-72
627,0,-53
627,1,-69
627,2,-45
627,3,-69
628,0,-67
628,1,-22
628,2,-40
628,3,-16
629,0,-34
629,1,-49
629,2,-23
629,3,-50
630,0,-35
630,1,-21
630,2,-105
630,3,-46
631,0,-14
631,1,-62
631,2,-2
631,3,-67
632,0,-13
632,1,-42
632,2,-17
632,3,0
633,0,-76
633,1,-38
633,2,-33
633,3,-65
634,0,-18
634,1,-48
634,2,-11
634,3,-53
635,0,-29
635,1,-36
635,2,-46
635,3,-12
636,0,-34
636,1,-84
636,2,-32
636,3,-33
637,0,-72
637,1,-6
637,2,-47
637,3,-21
638,0,-22
638,1,-40
638,2,-22
638,3,-56
639,0,-14
639,1,-65
639,2,-32
639,3,-98
640,0,-25
640,1,-20
640,2,-9
640,3,-12
641,0,-50
641,1,-38
641,2,-87
641,3,-20
642,0,-110
642,1,-66
642,2,-108
642,3,-28
643,0,-30
643,1,-48
643,2,-41
643,3,-68
644,0,-2
644,1,-24
644,2,-12
644,3,-76
645,0,-70
645,1,-31
645,2,-23
645,3,-10
646,0,-88
646,1,-19
646,2,-28
646,3,-13
647,0,-26
647,1,-30
647,2,-31
647,3,-30
648,0,-46
648,1,-19
648,2,-25
648,3,-39
649,0,-58
649,1,-25
649,2,-38
649,3,-41
650,0,-27
650,1,-71
650,2,-63
650,3,-82
651,0,-32
651,1,-78
651,2,-37
651,3,-10
652,0,-71
652,1,-31
652,2,-70
652,3,-110
653,0,-46
653,1,-37
653,2,-52
653,3,-16
654,0,-44
654,1,-23
654,2,-37
654,3,-8
655,0,-52
655,1,-27
655,2,-42
655,3,-23
656,0,-30
656,1,-58
656,2,-23
656,3,-23
657,0,-36
657,1,-73
657,2,-73
657,3,-42
658,0,-28
658,1,-48
658,2,-30
658,3,-56
659,0,-17
659,1,-49
659,2,-22
659,3,-20
660,0,-16
660,1,-26
660,2,-18
660,3,-46
661,0,-49
661,1,-19
661,2,-29
661,3,-34
662,0,-57
662,1,-49
662,2,-53
662,3,-42
663,0,-6
663,1,-17
663,2,-33
663,3,-63
664,0,-42
664,1,-25
664,2,-84
664,3,-26
665,0,-32
665,1,-57
665,2,-47
665,3,-42
666,0,-38
666,1,-48
666,2,-27
666,3,-80
667,0,-53
667,1,-39
667,2,-36
667,3,-9
668,0,-49
668,1,-32
668,2,-42
668,3,-44
669,0,-21
669,1,-15
669,2,-22
669,3,-20
670,0,-32
670,1,-25
670,2,-44
670,3,-58
671,0,-43
671,1,-34
671,2,-79
671,3,-86
672,0,-49
672,1,-94
672,2,-25
672,3,-12
673,0,-13
673,1,-23
673,2,-8
673,3,-12
674,0,-78
674,1,-42
674,2,-36
674,3,-138
675,0,-37
675,1,-27
675,2,-6
675,3,-46
676,0,-20
676,1,-42
676,2,-33
676,3,-40
677,0,-12
677,1,-92
677,2,-21
677,3,-2
678,0,-92
678,1,-76
678,2,-11
678,3,-38
679,0,-11
679,1,-3
679,2,-26
679,3,-35
680,0,-60
680,1,-50
680,2,-65
680,3,-33
681,0,-25
681,1,-1
681,2,-46
681,3,-6
682,0,-5
682,1,-39
682,2,-45
682,3,-20
683,0,-37
683,1,-28
683,2,-30
683,3,-9
684,0,-29
684,1,-19
684,2,-18
684,3,-37
685,0,-33
685,1,-85
685,2,-45
685,3,-22
686,0,-69
686,1,-28
686,2,-21
686,3,-24
687,0,-15
687,1,-32
687,2,-67
687,3,-35
688,0,-65
688,1,-53
688,2,-41
688,3,-40
689,0,-29
689,1,-36
689,2,-79
689,3,-22
690,0,-33
690,1,-44
690,2,-18
690,3,-46
691,0,-58
691,1,-39
691,2,-32
691,3,-66
692,0,-41
692,1,-30
692,2,-23
692,3,-37
693,0,-51
693,1,-45
693,2,-29
693,3,-20
694,0,-39
694,1,-105
694,2,-31
694,3,-56
695,0,-9
695,1,-4
695,2,-26
695,3,-19
696,0,-83
696,1,-40
696,2,-19
696,3,-26
697,0,-38
697,1,-25
697,2,-19
697,3,-37
698,0,-21
698,1,-35
698,2,-5
698,3,-35
699,0,-57
699,1,-22
699,2,-82
699,3,-26
700,0,-51
700,1,-35
700,2,-70
700,3,-82
701,0,-18
701,1,-39
701,2,-23
701,3,-21
702,0,-18
702,1,-52
702,2,-29
702,3,-55
703,0,-10
703,1,-36
703,2,-5
703,3,-48
704,0,-29
704,1,-70
704,2,-15
704,3,-44
705,0,-95
705,1,-20
705,2,-40
705,3,-54
706,0,-16
706,1,-12
706,2,-22
706,3,-52
707,0,-15
707,1,-47
707,2,-16
707,3,-25
708,0,-16
708,1,-23
708,2,-27
708,3,-14
709,0,-45
709,1,-5
709,2,-82
709,3,-18
710,0,-29
710,1,-28
710,2,-33
710,3,-11
711,0,-47
711,1,-28
711,2,-32
711,3,-25
712,0,-46
712,1,-65
712,2,-4
712,3,-25
713,0,-16
713,1,-15
713,2,-77
713,3,-56
714,0,-52
714,1,-14
714,2,-59
714,3,-30
715,0,-43
715,1,-62
715,2,-68
715,3,-44
716,0,-54
716,1,-18
716,2,-36
716,3,-41
717,0,-35
717,1,-17
717,2,-29
717,3,-66
718,0,-57
718,1,-95
718,2,-21
718,3,-20
719,0,-26
719,1,-34
719,2,-23
719,3,-79
720,0,-16
720,1,-24
720,2,-4
720,3,-33
721,0,-22
721,1,-51
721,2,-50
721,3,-21
722,0,-14
722,1,-47
722,2,-10
722,3,-72
723,0,-2
723,1,-66
723,2,-60
723,3,-34
724,0,-34
724,1,-3
724,2,-29
724,3,-10
725,0,-48
725,1,-65
725,2,-21
725,3,-23
726,0,-31
726,1,-22
726,2,-24
726,3,-34
727,0,-76
727,1,-84
727,2,-15
727,3,-80
728,0,-30
728,1,-17
728,2,-43
728,3,-11
729,0,-43
729,1,-32
729,2,-70
729,3,-17
730,0,-8
730,1,-21
730,2,-7
730,3,-33
731,0,-23
731,1,-18
731,2,-15
731,3,1
732,0,-65
732,1,-69
732,2,-21
732,3,-13
733,0,-45
733,1,-27
733,2,-11
733,3,-42
734,0,-8
734,1,-26
734,2,-9
734,3,-41
735,0,-68
735,1,-24
735,2,-81
735,3,-17
736,0,-40
736,1,-42
736,2,-75
736,3,-29
737,0,-54
737,1,-47
737,2,-52
737,3,-96
738,0,-38
738,1,-41
738,2,-35
738,3,-33
739,0,-39
739,1,-17
739,2,-30
739,3,-26
740,0,-32
740,1,-38
740,2,-5
740,3,-62
741,0,-59
741,1,-43
741,2,-57
741,3,-52
742,0,-26
742,1,-81
742,2,-16
742,3,-5
743,0,-55
743,1,-30
743,2,-26
743,3,-29
744,0,-21
744,1,-8
744,2,-21
744,3,-29
745,0,-40
745,1,-7
745,2,-28
745,3,-45
746,0,-21
746,1,-49
746,2,-12
746,3,-89
747,0,-38
747,1,-46
747,2,-41
747,3,-59
748,0,-16
748,1,-69
748,2,-4
748,3,-13
749,0,-24
749,1,-15
749,2,-40
749,3,-18
750,0,-62
750,1,-8
750,2,-106
750,3,-9
751,0,-35
751,1,-40
751,2,-4
751,3,-79
752,0,-14
752,1,-17
752,2,-15
752,3,-43
753,0,-69
753,1,-24
753,2,-12
753,3,-29
754,0,-14
754,1,-23
754,2,-3
754,3,-11
755,0,-72
755,1,-95
755,2,-83
755,3,-43
756,0,-25
756,1,-21
756,2,-62
756,3,-7
757,0,-28
757,1,-19
757,2,-43
757,3,-50
758,0,-7
758,1,-25
758,2,-48
758,3,-25
759,0,-49
759,1,-15
759,2,-28
759,3,-14
760,0,-59
760,1,-42
760,2,-33
760,3,-27
761,0,-50
761,1,-52
761,2,-33
761,3,-48
762,0,-17
762,1,-77
762,2,-40
762,3,-6
763,0,-41
763,1,-15
763,2,-24
763,3,-44
764,0,-41
764,1,-30
764,2,-26
764,3,-43
765,0,-21
765,1,-4
765,2,-43
765,3,-11
766,0,-12
766,1,-22
766,2,-40
766,3,-43
767,0,-32
767,1,-21
767,2,-3
767,3,-93
768,0,-3
768,1,-101
768,2,-34
768,3,-18
769,0,-59
769,1,-38
769,2,-51
769,3,-43
770,0,-103
770,1,-10
770,2,-51
770,3,-24
771,0,-15
771,1,-39
771,2,-11
771,3,-26
772,0,-50
772,1,-22
772,2,-14
772,3,-18
773,0,-32
773,1,-49
773,2,-17
773,3,-42
774,0,-43
774,1,-19
774,2,-68
774,3,-18
775,0,-12
775,1,-31
775,2,-12
775,3,-4
776,0,-49
776,1,-48
776,2,-32
776,3,-93
777,0,-43
777,1,-65
777,2,-10
777,3,-52
778,0,-4
778,1,-12
778,2,-51
778,3,-38
779,0,-36
779,1,-38
779,2,-29
779,3,-10
780,0,-34
780,1,-5
780,2,-31
780,3,-47
781,0,-17
781,1,-28
781,2,-6
781,3,-20
782,0,-39
782,1,-47
782,2,-71
782,3,-27
783,0,-35
783,1,-69
783,2,-36
783,3,-24
784,0,-13
784,1,2
784,2,-35
784,3,-24
785,0,-32
785,1,-40
785,2,-30
785,3,-19
786,0,-46
786,1,-30
786,2,-26
786,3,-2
787,0,-79
787,1,-59
787,2,-22
787,3,-9
788,0,-31
788,1,-2
788,2,-29
788,3,-62
789,0,-30
789,1,-5
789,2,-13
789,3,-23
790,0,-20
790,1,-35
790,2,-35
790,3,-19
791,0,-18
791,1,-118
791,2,-60
791,3,-76
792,0,-35
792,1,-5
792,2,-17
792,3,-44
793,0,-39
793,1,-19
793,2,-21
793,3,-36
794,0,-22
794,1,-16
794,2,-6
794,3,-62
795,0,-13
795,1,-8
795,2,-37
795,3,-66
796,0,-22
796,1,0
796,2,-17
796,3,-24
797,0,-69
797,1,-29
797,2,-25
797,3,-19
798,0,-15
798,1,-50
798,2,-18
798,3,-12
799,0,-19
799,1,-53
799,2,-15
799,3,-22
800,0,-53
800,1,-40
800,2,-63
800,3,-25
801,0,-13
801,1,-22
801,2,-12
801,3,-44
802,0,-23
802,1,-30
802,2,-10
802,3,-14
803,0,-21
803,1,-46
803,2,-72
803,3,-32
804,0,-20
804,1,-65
804,2,-20
804,3,-6
805,0,-32
805,1,-1
805,2,-11
805,3,-31
806,0,-24
806,1,-73
806,2,-54
806,3,-21
807,0,-69
807,1,-40
807,2,-29
807,3,-32
808,0,-29
808,1,-11
808,2,-5
808,3,-29
809,0,-9
809,1,-28
809,2,-58
809,3,-15
810,0,-80
810,1,-40
810,2,-30
810,3,-75
811,0,-44
811,1,-10
811,2,-68
811,3,-36
812,0,-16
812,1,-27
812,2,-23
812,3,2
813,0,-37
813,1,-14
813,2,-26
813,3,-34
814,0,-51
814,1,-17
814,2,-18
814,3,-57
815,0,-2
815,1,-49
815,2,-7
815,3,-22
816,0,-17
816,1,-21
816,2,-16
816,3,-25
817,0,-32
817,1,-42
817,2,-86
817,3,-41
818,0,-88
818,1,-19
818,2,-31
818,3,-34
819,0,-21
819,1,-34
819,2,-41
819,3,-24
820,0,-11
820,1,-36
820,2,-40
820,3,-21
821,0,-22
821,1,-82
821,2,-29
821,3,-50
822,0,-3
822,1,-17
822,2,-22
822,3,-68
823,0,-53
823,1,2
823,2,-21
823,3,-17
824,0,-29
824,1,-55
824,2,-12
824,3,-22
825,0,-18
825,1,-19
825,2,-29
825,3,-66
826,0,-27
826,1,-65
826,2,-6
826,3,-7
827,0,-82
827,1,-40
827,2,-37
827,3,-17
828,0,-51
828,1,-10
828,2,-35
828,3,-17
829,0,-37
829,1,-23
829,2,-25
829,3,-10
830,0,-36
830,1,-68
830,2,-41
830,3,-6
831,0,-37
831,1,-15
831,2,-15
831,3,-56
832,0,-36
832,1,-13
832,2,-44
832,3,-34
833,0,-10
833,1,-14
833,2,-4
833,3,-16
834,0,-26
834,1,0
834,2,-50
834,3,-29
835,0,-45
835,1,-70
835,2,-85
835,3,-32
836,0,-11
836,1,-9
836,2,-12
836,3,-41
837,0,-26
837,1,-29
837,2,-32
837,3,-40
838,0,-20
838,1,-35
838,2,1
838,3,-12
839,0,-30
839,1,-10
839,2,-31
839,3,-26
840,0,-14
840,1,-69
840,2,-59
840,3,-23
841,0,-18
841,1,-15
841,2,1
841,3,-48
842,0,-57
842,1,-30
842,2,-20
842,3,-15
843,0,-23
843,1,-31
843,2,-13
843,3,-15
844,0,-11
844,1,-29
844,2,-16
844,3,-43
845,0,-24
845,1,-23
845,2,-27
845,3,-8
846,0,-57
846,1,-51
846,2,-91
846,3,-31
847,0,-19
847,1,-23
847,2,-19
847,3,-26
848,0,-8
848,1,-24
848,2,-79
848,3,-31
849,0,-19
849,1,-21
849,2,-39
849,3,-19
850,0,-28
850,1,-73
850,2,-12
850,3,-47
851,0,-17
851,1,-38
851,2,-11
851,3,-95
852,0,-40
852,1,-13
852,2,-12
852,3,-41
853,0,-17
853,1,-64
853,2,-3
853,3,-28
854,0,-29
854,1,-33
854,2,-19
854,3,-3
855,0,-38
855,1,-23
855,2,-16
855,3,-23
856,0,-49
856,1,-23
856,2,-51
856,3,-1
857,0,-25
857,1,-47
857,2,-68
857,3,-16
858,0,-34
858,1,-9
858,2,-55
858,3,-41
859,0,-22
859,1,-7
859,2,-16
859,3,-39
860,0,-40
860,1,-35
860,2,0
860,3,-56
861,0,-54
861,1,-19
861,2,-42
861,3,-15
862,0,-42
862,1,-45
862,2,-19
862,3,-26
863,0,-45
863,1,-15
863,2,-10
863,3,-17
864,0,-26
864,1,-15
864,2,-37
864,3,-30
865,0,-38
865,1,-33
865,2,-10
865,3,-19
866,0,-30
866,1,-21
866,2,-16
866,3,-35
867,0,-13
867,1,-6
867,2,-29
867,3,-1
868,0,-52
868,1,-60
868,2,-40
868,3,0
869,0,-6
869,1,-55
869,2,-16
869,3,-23
870,0,-18
870,1,0
870,2,-17
870,3,-69
871,0,-13
871,1,-47
871,2,-23
871,3,-24
872,0,-58
872,1,-48
872,2,-10
872,3,-24
873,0,-5
873,1,-26
873,2,-40
873,3,-45
874,0,-13
874,1,-45
874,2,-32
874,3,-30
875,0,-43
875,1,-22
875,2,-12
875,3,-45
876,0,-66
876,1,-7
876,2,-75
876,3,-20
877,0,-24
877,1,-19
877,2,-23
877,3,-22
878,0,-26
878,1,-29
878,2,-21
878,3,-31
879,0,-36
879,1,-31
879,2,-16
879,3,-5
880,0,-15
880,1,-50
880,2,-8
880,3,-54
881,0,-61
881,1,-50
881,2,-16
881,3,-31
882,0,-5
882,1,-15
882,2,-24
882,3,-48
883,0,-10
883,1,-14
883,2,-49
883,3,-7
884,0,-6
884,1,-37
884,2,-2
884,3,-26
885,0,-19
885,1,-4
885,2,-62
885,3,-22
886,0,-43
886,1,-12
886,2,-36
886,3,-28
887,0,-57
887,1,-9
887,2,-28
887,3,-23
888,0,-9
888,1,-4
888,2,-29
888,3,-20
889,0,-7
889,1,-27
889,2,-25
889,3,-35
890,0,-25
890,1,-60
890,2,-4
890,3,-11
891,0,-59
891,1,-52
891,2,-48
891,3,-50
892,0,-38
892,1,-46
892,2,-21
892,3,-20
893,0,-6
893,1,-11
893,2,-2
893,3,-30
894,0,-7
894,1,-28
894,2,-31
894,3,-51
895,0,-89
895,1,-2
895,2,-10
895,3,-6
896,0,-29
896,1,-18
896,2,-18
896,3,-15
897,0,-43
897,1,-66
897,2,-44
897,3,-35
898,0,-15
898,1,-47
898,2,-11
898,3,-14
899,0,-3
899,1,-32
899,2,-56
899,3,-10
900,0,-25
900,1,-5
900,2,-36
900,3,-27
901,0,-9
901,1,-26
901,2,-11
901,3,-53
902,0,-24
902,1,-38
902,2,-19
902,3,-15
903,0,-44
903,1,-9
903,2,-55
903,3,-36
904,0,-42
904,1,-6
904,2,-32
904,3,-27
905,0,-17
905,1,-51
905,2,-53
905,3,-5
906,0,-35
906,1,-26
906,2,-20
906,3,-27
907,0,-31
907,1,-7
907,2,-33
907,3,-9
908,0,-12
908,1,-20
908,2,-9
908,3,-85
909,0,-11
909,1,-49
909,2,-22
909,3,-50
910,0,-108
910,1,-34
910,2,-4
910,3,-18
911,0,-12
911,1,-37
911,2,-12
911,3,-39
912,0,-31
912,1,-76
912,2,-32
912,3,-15
913,0,-65
913,1,-23
913,2,-67
913,3,-16
914,0,-32
914,1,-24
914,2,-7
914,3,-31
915,0,-4
915,1,-12
915,2,-31
915,3,-39
916,0,-19
916,1,-8
916,2,-5
916,3,-39
917,0,-28
917,1,-35
917,2,-26
917,3,-82
918,0,-14
918,1,-23
918,2,-48
918,3,-18
919,0,-12
919,1,-35
919,2,-18
919,3,-15
920,0,-21
920,1,-13
920,2,-26
920,3,-15
921,0,-45
921,1,-20
921,2,-14
921,3,-20
922,0,-21
922,1,-16
922,2,-32
922,3,-25
923,0,-21
923,1,-44
923,2,-16
923,3,-5
924,0,-29
924,1,-18
924,2,-63
924,3,-50
925,0,-12
925,1,-59
925,2,-40
925,3,-18
926,0,-19
926,1,-18
926,2,-17
926,3,-20
927,0,-18
927,1,-20
927,2,-23
927,3,1
928,0,-33
928,1,-22
928,2,-15
928,3,-13
929,0,-87
929,1,-21
929,2,-45
929,3,-53
930,0,-29
930,1,-45
930,2,-34
930,3,-21
931,0,-26
931,1,-29
931,2,-18
931,3,-16
932,0,-27
932,1,-89
932,2,0
932,3,-11
933,0,-21
933,1,-2
933,2,-16
933,3,-2
934,0,-18
934,1,-13
934,2,-17
934,3,-20
935,0,-42
935,1,-12
935,2,-30
935,3,-33
936,0,-7
936,1,-8
936,2,-3
936,3,-52
937,0,-75
937,1,-35
937,2,-84
937,3,-15
938,0,-39
938,1,-11
938,2,-27
938,3,-26
939,0,-50
939,1,-24
939,2,-17
939,3,-26
940,0,-18
940,1,-19
940,2,-8
940,3,-33
941,0,-1
941,1,-45
941,2,-22
941,3,-22
942,0,-38
942,1,-36
942,2,-57
942,3,-18
943,0,-15
943,1,-19
943,2,-30
943,3,-5
944,0,-17
944,1,-25
944,2,-54
944,3,-27
945,0,-15
945,1,-75
945,2,-20
945,3,-15
946,0,-1
946,1,-31
946,2,-13
946,3,-82
947,0,-57
947,1,-39
947,2,-4
947,3,-31
948,0,-63
948,1,-4
948,2,-9
948,3,-2
949,0,-47
949,1,-25
949,2,-19
949,3,-23
950,0,0
950,1,1
950,2,-16
950,3,-20
951,0,-10
951,1,-31
951,2,-20
951,3,-15
952,0,-5
952,1,-17
952,2,-24
952,3,-6
953,0,-39
953,1,-61
953,2,-10
953,3,-50
954,0,-18
954,1,-8
954,2,-4
954,3,-32
955,0,-5
955,1,-15
955,2,-48
955,3,-30
956,0,0
956,1,-26
956,2,-49
956,3,-17
957,0,-75
957,1,-14
957,2,-6
957,3,-29
958,0,-49
958,1,-31
958,2,-39
958,3,-18
959,0,-17
959,1,-64
959,2,-4
959,3,-40
960,0,-32
960,1,-33
960,2,-12
960,3,-59
961,0,-11
961,1,-24
961,2,-17
961,3,-42
962,0,-12
962,1,-28
962,2,-23
962,3,-32
963,0,-59
963,1,-19
963,2,-6
963,3,-3
964,0,-20
964,1,-18
964,2,-14
964,3,-35
965,0,-17
965,1,-16
965,2,-51
965,3,-9
966,0,-29
966,1,-11
966,2,-38
966,3,-23
967,0,-26
967,1,-10
967,2,-29
967,3,-32
968,0,-15
968,1,-16
968,2,-47
968,3,-57
969,0,-9
969,1,-33
969,2,-36
969,3,-32
970,0,-24
970,1,-20
970,2,-15
970,3,-7
971,0,-33
971,1,-19
971,2,-24
971,3,-16
972,0,-15
972,1,-23
972,2,-15
972,3,0
973,0,-17
973,1,-3
973,2,-27
973,3,-49
974,0,-55
974,1,-49
974,2,-38
974,3,-18
975,0,-14
975,1,-44
975,2,-18
975,3,-11
976,0,-26
976,1,-46
976,2,-14
976,3,-50
977,0,-12
977,1,-12
977,2,-14
977,3,-44
978,0,-20
978,1,-44
978,2,-44
978,3,-55
979,0,-27
979,1,-21
979,2,-11
979,3,-14
980,0,-18
980,1,-36
980,2,-47
980,3,-5
981,0,-23
981,1,-4
981,2,-16
981,3,-18
982,0,-67
982,1,-6
982,2,-6
982,3,-18
983,0,-16
983,1,-27
983,2,-16
983,3,-31
984,0,-23
984,1,-16
984,2,-25
984,3,-10
985,0,-17
985,1,-24
985,2,-42
985,3,-23
986,0,-8
986,1,-18
986,2,-20
986,3,-14
987,0,-7
987,1,-38
987,2,-34
987,3,-24
988,0,-25
988,1,-28
988,2,-30
988,3,-40
989,0,-64
989,1,-54
989,2,-14
989,3,-64
990,0,-24
990,1,-10
990,2,-14
990,3,-5
991,0,-26
991,1,-12
991,2,-40
991,3,-5
992,0,-14
992,1,-25
992,2,-5
992,3,-21
993,0,-44
993,1,-65
993,2,-24
993,3,-42
994,0,-28
994,1,-33
994,2,-28
994,3,-43
995,0,-47
995,1,-30
995,2,-59
995,3,-13
996,0,-22
996,1,-13
996,2,-17
996,3,-9
997,0,-6
997,1,-20
997,2,-4
997,3,-7
998,0,-47
998,1,-24
998,2,-22
998,3,-40
999,0,-32
999,1,-22
999,2,-25
999,3,1
1000,0,-7
1000,1,-35
1000,2,-15
1000,3,-11
